[
  {
    "id": "prod-001",
    "name": "Premium Wireless Headphones",
    "description": "Experience superior sound quality with our premium wireless headphones. Featuring active noise cancellation, 40-hour battery life, and premium materials for all-day comfort.",
    "price": 199.99,
    "category": "Electronics",
    "images": [
      "/images/headphones-1.jpg",
      "/images/headphones-2.jpg",
      "/images/headphones-3.jpg",
      "/images/headphones-4.jpg"
    ],
    "stock": 15,
    "deliveryType": "Standard",
    "featured": true,
    "rating": 4.5,
    "reviews": 127,
    "specifications": {
      "Battery Life": "40 hours",
      "Connectivity": "Bluetooth 5.0",
      "Weight": "250g",
      "Warranty": "2 years"
    }
  },
  {
    "id": "prod-002",
    "name": "Leather Messenger Bag",
    "description": "Handcrafted from premium full-grain leather. Features multiple compartments, adjustable strap, and timeless design that ages beautifully.",
    "price": 129.99,
    "category": "Fashion",
    "images": [
      "/images/bag-1.jpg",
      "/images/bag-2.jpg",
      "/images/bag-3.jpg"
    ],
    "stock": 8,
    "deliveryType": "Express",
    "featured": true,
    "rating": 4.8,
    "reviews": 89,
    "specifications": {
      "Material": "Full-grain leather",
      "Dimensions": "15 x 11 x 4 inches",
      "Compartments": "3 main + 2 side pockets",
      "Warranty": "1 year"
    }
  },
  {
    "id": "prod-003",
    "name": "Ceramic Coffee Mug Set",
    "description": "Set of 4 artisan-crafted ceramic mugs. Each piece is unique, featuring a reactive glaze that creates distinctive patterns. Microwave and dishwasher safe.",
    "price": 45.99,
    "category": "Home & Living",
    "images": [
      "/images/mugs-1.jpg",
      "/images/mugs-2.jpg"
    ],
    "stock": 23,
    "deliveryType": "Standard",
    "featured": false,
    "rating": 4.3,
    "reviews": 56,
    "specifications": {
      "Set Includes": "4 mugs",
      "Capacity": "12 oz each",
      "Material": "Stoneware ceramic",
      "Care": "Dishwasher & microwave safe"
    }
  },
  {
    "id": "prod-004",
    "name": "Yoga Mat Pro",
    "description": "Professional-grade yoga mat with superior grip and cushioning. Made from eco-friendly TPE material. Includes carrying strap.",
    "price": 79.99,
    "category": "Sports & Outdoors",
    "images": [
      "/images/yoga-1.jpg",
      "/images/yoga-2.jpg",
      "/images/yoga-3.jpg"
    ],
    "stock": 12,
    "deliveryType": "Standard",
    "featured": false,
    "rating": 4.6,
    "reviews": 203,
    "specifications": {
      "Thickness": "6mm",
      "Dimensions": "72 x 24 inches",
      "Material": "Eco-friendly TPE",
      "Accessories": "Carrying strap included"
    }
  },
  {
    "id": "prod-005",
    "name": "Stainless Steel Water Bottle",
    "description": "Double-wall insulated bottle keeps drinks cold for 24 hours, hot for 12. BPA-free with leak-proof cap.",
    "price": 35.99,
    "category": "Sports & Outdoors",
    "images": [
      "/images/bottle-1.jpg",
      "/images/bottle-2.jpg"
    ],
    "stock": 42,
    "deliveryType": "Standard",
    "featured": true,
    "rating": 4.7,
    "reviews": 312,
    "specifications": {
      "Capacity": "32 oz",
      "Material": "18/8 stainless steel",
      "Insulation": "24h cold / 12h hot",
      "Features": "BPA-free, leak-proof"
    }
  },
  {
    "id": "prod-006",
    "name": "Minimalist Desk Lamp",
    "description": "LED desk lamp with adjustable brightness and color temperature. Touch controls and USB charging port. Modern aluminum design.",
    "price": 89.99,
    "category": "Home & Living",
    "images": [
      "/images/lamp-1.jpg",
      "/images/lamp-2.jpg",
      "/images/lamp-3.jpg"
    ],
    "stock": 18,
    "deliveryType": "Express",
    "featured": false,
    "rating": 4.4,
    "reviews": 78,
    "specifications": {
      "Brightness Levels": "5",
      "Color Modes": "3 (warm/neutral/cool)",
      "Power": "USB-C powered",
      "Features": "Touch controls, USB port"
    }
  },
  {
    "id": "prod-007",
    "name": "Organic Cotton T-Shirt",
    "description": "Ultra-soft organic cotton tee. Ethically made with sustainable practices. Available in multiple colors.",
    "price": 29.99,
    "category": "Fashion",
    "images": [
      "/images/tshirt-1.jpg",
      "/images/tshirt-2.jpg"
    ],
    "stock": 56,
    "deliveryType": "Standard",
    "featured": false,
    "rating": 4.2,
    "reviews": 145,
    "specifications": {
      "Material": "100% organic cotton",
      "Fit": "Regular",
      "Care": "Machine washable",
      "Certification": "GOTS certified"
    }
  },
  {
    "id": "prod-008",
    "name": "Bluetooth Speaker",
    "description": "Portable Bluetooth speaker with 360° sound. Waterproof design perfect for outdoor adventures. 20-hour battery life.",
    "price": 149.99,
    "category": "Electronics",
    "images": [
      "/images/speaker-1.jpg",
      "/images/speaker-2.jpg",
      "/images/speaker-3.jpg"
    ],
    "stock": 9,
    "deliveryType": "Express",
    "featured": true,
    "rating": 4.6,
    "reviews": 234,
    "specifications": {
      "Battery": "20 hours",
      "Waterproof": "IPX7 rated",
      "Connectivity": "Bluetooth 5.0",
      "Output": "360° sound"
    }
  },
  {
    "id": "prod-009",
    "name": "Wool Throw Blanket",
    "description": "Luxuriously soft merino wool throw. Perfect for cozying up on cold evenings. Naturally temperature regulating.",
    "price": 95.99,
    "category": "Home & Living",
    "images": [
      "/images/blanket-1.jpg",
      "/images/blanket-2.jpg"
    ],
    "stock": 14,
    "deliveryType": "Standard",
    "featured": false,
    "rating": 4.9,
    "reviews": 67,
    "specifications": {
      "Material": "100% merino wool",
      "Dimensions": "50 x 60 inches",
      "Care": "Dry clean only",
      "Origin": "Made in Ireland"
    }
  },
  {
    "id": "prod-010",
    "name": "Running Shoes",
    "description": "Lightweight running shoes with responsive cushioning. Breathable mesh upper and durable rubber outsole.",
    "price": 159.99,
    "category": "Sports & Outdoors",
    "images": [
      "/images/shoes-1.jpg",
      "/images/shoes-2.jpg",
      "/images/shoes-3.jpg",
      "/images/shoes-4.jpg"
    ],
    "stock": 21,
    "deliveryType": "Standard",
    "featured": true,
    "rating": 4.5,
    "reviews": 289,
    "specifications": {
      "Upper": "Breathable mesh",
      "Cushioning": "Responsive foam",
      "Outsole": "Durable rubber",
      "Weight": "8 oz (men's size 9)"
    }
  },
  {
    "id": "prod-011",
    "name": "Smart Watch",
    "description": "Fitness-focused smartwatch with heart rate monitoring, GPS, and 7-day battery life. Water resistant to 50m.",
    "price": 299.99,
    "category": "Electronics",
    "images": [
      "/images/watch-1.jpg",
      "/images/watch-2.jpg",
      "/images/watch-3.jpg"
    ],
    "stock": 7,
    "deliveryType": "Express",
    "featured": false,
    "rating": 4.4,
    "reviews": 156,
    "specifications": {
      "Battery": "7 days",
      "Water Resistance": "50m",
      "Features": "GPS, heart rate, sleep tracking",
      "Compatibility": "iOS & Android"
    }
  },
  {
    "id": "prod-012",
    "name": "Leather Wallet",
    "description": "Slim bifold wallet crafted from premium vegetable-tanned leather. RFID blocking technology protects your cards.",
    "price": 59.99,
    "category": "Fashion",
    "images": [
      "/images/wallet-1.jpg",
      "/images/wallet-2.jpg"
    ],
    "stock": 33,
    "deliveryType": "Standard",
    "featured": false,
    "rating": 4.7,
    "reviews": 198,
    "specifications": {
      "Material": "Vegetable-tanned leather",
      "Card Slots": "6",
      "Features": "RFID blocking",
      "Dimensions": "4.5 x 3.5 inches"
    }
  }
]
